"date","djia","ftse"
2001-11-27,9872.6,5266
2001-11-28,9711.86,5205.2
2001-11-29,9829.42,5208.5
2001-11-30,9851.56,5203.6
2001-12-03,9763.96,5164.6
2001-12-04,9893.84,5212.1
2001-12-05,10114.29,5333.5
2001-12-06,10099.14,5369.8
2001-12-07,10049.46,5264.7
2001-12-10,9921.45,5185
2001-12-11,9888.37,5160.8
2001-12-12,9894.81,5120
2001-12-13,9766.45,5074.9
2001-12-14,9811.15,5061
2001-12-17,9891.97,5136.3
2001-12-18,9998.39,5151.1
2001-12-19,10070.49,5120.6
2001-12-20,9985.18,5080.2
2001-12-21,10035.34,5159.2
2001-12-24,10035.34,5177.4
2001-12-27,10131.31,5213.2
2001-12-28,10136.99,5242.4
2001-12-31,10021.57,5217.4
2002-01-02,10073.4,5218.3
2002-01-03,10172.14,5318.8
2002-01-04,10259.74,5323.8
2002-01-07,10197.05,5293.6
2002-01-08,10150.55,5250.4
2002-01-09,10094.09,5228.5
2002-01-10,10067.86,5190.7
2002-01-11,9987.53,5198.6
2002-01-14,9891.42,5113.5
2002-01-15,9924.15,5166
2002-01-16,9712.27,5127.6
2002-01-17,9850.04,5138.4
2002-01-18,9771.85,5126.8
2002-01-22,9713.8,5149.2
2002-01-23,9730.96,5180.6
2002-01-24,9796.07,5233.1
2002-01-25,9840.08,5193
2002-01-28,9865.75,5223.6
2002-01-29,9618.24,5131.4
2002-01-30,9762.86,5089.3
2002-01-31,9920,5164.8
2002-02-01,9907.26,5189.7
2002-02-04,9687.09,5167.3
2002-02-05,9685.43,5093.4
2002-02-06,9653.39,5073.8
2002-02-07,9625.44,5127
2002-02-08,9744.24,5128.1
2002-02-11,9884.78,5161.8
2002-02-12,9863.74,5135.7
2002-02-13,9989.67,5153.9
2002-02-14,10001.99,5208.7
2002-02-15,9903.04,5182.5
2002-02-19,9745.14,5092.5
2002-02-20,9941.17,5024.1
2002-02-21,9834.68,5073.3
2002-02-22,9968.15,5050.8
2002-02-25,10145.71,5100.7
2002-02-26,10115.26,5139
2002-02-27,10127.58,5178.4
2002-02-28,10106.13,5101
2002-03-01,10368.86,5169
2002-03-04,10586.82,5242
2002-03-05,10433.41,5214
2002-03-06,10574.29,5245.5
2002-03-07,10525.37,5282.1
2002-03-08,10572.49,5285.7
2002-03-11,10611.24,5258.9
2002-03-12,10632.35,5252.5
2002-03-13,10501.85,5272
2002-03-14,10517.14,5261.4
2002-03-15,10607.23,5292.7
2002-03-18,10577.75,5299.9
2002-03-19,10635.25,5316.1
2002-03-20,10501.57,5266.9
2002-03-21,10479.84,5253.3
2002-03-22,10427.67,5250.5
2002-03-25,10281.67,5203.6
2002-03-26,10353.36,5195.5
2002-03-27,10426.91,5214.7
2002-03-28,10403.94,5271.8
2002-04-02,10313.71,5251.4
2002-04-03,10198.29,5247.8
2002-04-04,10235.17,5209.5
2002-04-05,10271.64,5233.6
2002-04-08,10249.08,5178.6
2002-04-09,10208.67,5179.6
2002-04-10,10381.73,5229.1
2002-04-11,10176.08,5137.4
2002-04-12,10190.82,5161
2002-04-15,10093.67,5201.4
2002-04-16,10301.32,5259.9
2002-04-17,10220.78,5263.9
2002-04-18,10205.28,5229.4
2002-04-19,10257.11,5243.6
2002-04-22,10136.43,5221.5
2002-04-23,10089.24,5191
2002-04-24,10030.43,5218.2
2002-04-25,10035.06,5197.5
2002-04-26,9910.72,5159
2002-04-29,9819.87,5153.9
2002-04-30,9946.22,5165.6
2002-05-01,10059.63,5125.5
2002-05-02,10091.87,5174.1
2002-05-03,10006.63,5203.1
2002-05-07,9836.55,5119.9
2002-05-08,10141.83,5209.1
2002-05-09,10037.42,5197.6
2002-05-10,9939.92,5171.2
2002-05-13,10109.66,5204.8
2002-05-14,10298.14,5239.5
2002-05-15,10243.68,5259.1
2002-05-16,10289.21,5248.5
2002-05-17,10353.08,5218
2002-05-20,10229.5,5208.1
2002-05-21,10105.71,5197.2
2002-05-22,10157.88,5151.9
2002-05-23,10216.08,5175.3
2002-05-24,10104.26,5169.1
2002-05-28,9981.58,5074.2
2002-05-29,9923.04,5083
2002-05-30,9911.69,5040.8
2002-05-31,9925.25,5085.1
2002-06-05,9796.8,4989.1
2002-06-06,9624.64,4957.6
2002-06-07,9589.67,4920.4
2002-06-10,9645.4,4928.2
2002-06-11,9517.26,4934.8
2002-06-12,9617.71,4851.7
2002-06-13,9502.8,4771.9
2002-06-14,9474.21,4630.8
2002-06-17,9687.42,4756.8
2002-06-18,9706.12,4702
2002-06-19,9561.57,4652.4
2002-06-20,9431.77,4580.3
2002-06-21,9253.79,4605.3
2002-06-24,9281.82,4541.9
2002-06-25,9126.82,4631
2002-06-26,9120.11,4531
2002-06-27,9269.92,4540.6
2002-06-28,9243.26,4656.4
2002-07-01,9109.79,4685.8
2002-07-02,9007.75,4546.8
2002-07-03,9054.97,4392.6
2002-07-05,9379.5,4615.6
2002-07-08,9274.9,4601.3
2002-07-09,9096.09,4542.9
2002-07-10,8813.5,4420.1
2002-07-11,8801.53,4230
2002-07-12,8684.53,4224.1
2002-07-15,8639.19,3994.5
2002-07-16,8473.11,4021.9
2002-07-17,8542.48,4190.6
2002-07-18,8409.49,4297.3
2002-07-19,8019.26,4098.3
2002-07-22,7784.58,3895.5
2002-07-23,7702.34,3858
2002-07-24,8191.29,3777.1
2002-07-25,8186.31,3965.9
2002-07-26,8264.39,4016.6
2002-07-29,8711.88,4202.7
2002-07-30,8680.03,4180.9
2002-07-31,8736.59,4246.2
2002-08-01,8506.62,4044.5
2002-08-02,8313.13,4075.5
2002-08-05,8043.63,3996.4
2002-08-06,8274.09,4131
2002-08-07,8456.15,4094.4
2002-08-08,8712.02,4240.5
2002-08-09,8745.45,4322.4
2002-08-12,8688.89,4221.6
2002-08-13,8482.39,4271.7
2002-08-14,8743.31,4171.1
2002-08-15,8818.14,4327.5
2002-08-16,8778.06,4330
2002-08-19,8990.79,4426.8
2002-08-20,8872.07,4368.9
2002-08-21,8957.23,4364.8
2002-08-22,9053.64,4434.7
2002-08-23,8872.96,4389.8
2002-08-27,8824.41,4449.7
2002-08-28,8694.09,4274
2002-08-29,8670.99,4209.3
2002-08-30,8663.5,4227.3
2002-09-03,8308.05,4028.6
2002-09-04,8425.12,4026.9
2002-09-05,8283.7,4011
2002-09-06,8427.2,4107.2
2002-09-09,8519.38,4062.4
2002-09-10,8602.61,4175.5
2002-09-11,8581.17,4210.7
2002-09-12,8379.41,4084.9
2002-09-13,8312.69,4008
2002-09-16,8380.18,4044.3
2002-09-17,8207.55,4025.1
2002-09-18,8172.45,3865.4
2002-09-19,7942.39,3813.5
2002-09-20,7986.02,3860.1
2002-09-23,7872.15,3739.4
2002-09-24,7683.13,3671.1
2002-09-25,7841.82,3696.2
2002-09-26,7997.12,3850.6
2002-09-27,7701.45,3907.2
2002-09-30,7591.93,3721.8
2002-10-01,7938.79,3797.4
2002-10-02,7755.61,3905.2
2002-10-03,7717.19,3880.3
2002-10-04,7528.4,3813.8
2002-10-07,7422.84,3780.9
2002-10-08,7501.49,3730.5
2002-10-09,7286.27,3742.4
2002-10-10,7533.95,3777.3
2002-10-11,7850.29,3953.4
2002-10-14,7877.4,3931.6
2002-10-15,8255.68,4130.3
2002-10-16,8036.03,4057.7
2002-10-17,8275.04,4170.7
2002-10-18,8322.4,4130.5
2002-10-21,8538.24,4133.8
2002-10-22,8450.16,4118.9
2002-10-23,8494.27,4006.9
2002-10-24,8317.34,4103.7
2002-10-25,8443.99,4051.1
2002-10-28,8368.04,4090.5
2002-10-29,8368.94,3935.9
2002-10-30,8427.41,4002.7
2002-10-31,8397.03,4039.7
2002-11-01,8517.64,3997
2002-11-04,8571.6,4141.5
2002-11-05,8678.27,4146.1
2002-11-06,8771.01,4103.7
2002-11-07,8586.24,4081.3
2002-11-08,8537.13,4034.6
2002-11-11,8358.95,4015.6
2002-11-12,8386,4085
2002-11-13,8398.49,4029.4
2002-11-14,8542.13,4053.1
2002-11-15,8579.09,4091.6
2002-11-18,8486.57,4116
2002-11-19,8474.78,4096.5
2002-11-20,8623.01,4094.9
2002-11-21,8845.15,4190
2002-11-22,8804.84,4175.2
2002-11-25,8849.4,4122.2
2002-11-26,8676.42,4071
2002-11-27,8931.68,4144.2
2002-11-29,8896.09,4169.4
2002-12-02,8862.57,4154.3
2002-12-03,8742.93,4075.4
2002-12-04,8737.85,4048.6
2002-12-05,8623.28,4032.4
2002-12-06,8645.77,4013.5
2002-12-09,8473.41,3933.9
2002-12-10,8574.26,3925
2002-12-11,8589.14,3974.9
2002-12-12,8538.4,3935.3
2002-12-13,8433.71,3878.1
2002-12-16,8627.4,3984
2002-12-17,8535.39,3908.7
2002-12-18,8447.35,3835.2
2002-12-19,8364.8,3841.4
2002-12-20,8511.32,3889.9
2002-12-23,8493.29,3936.9
2002-12-24,8448.11,3942.1
2002-12-27,8303.78,3829.4
2002-12-30,8332.85,3900.6
2002-12-31,8341.63,3940.4
2003-01-02,8607.52,4009.5
2003-01-03,8601.69,4004.9
2003-01-06,8773.57,4001.4
2003-01-07,8740.59,3957.4
2003-01-08,8595.31,3924.8
2003-01-09,8776.18,3934
2003-01-10,8784.89,3974.1
2003-01-13,8785.98,3948.3
2003-01-14,8842.62,3945.6
2003-01-15,8723.18,3887.8
2003-01-16,8697.87,3881.8
2003-01-17,8586.74,3820.6
2003-01-21,8442.9,3736.7
2003-01-22,8318.73,3678
2003-01-23,8369.47,3622.2
2003-01-24,8131.01,3603.7
2003-01-27,7989.56,3480.8
2003-01-28,8088.84,3490
2003-01-29,8110.71,3483.8
2003-01-30,7945.13,3578.7
2003-01-31,8053.81,3567.4
2003-02-03,8109.82,3689.4
2003-02-04,8013.29,3590.1
2003-02-05,7985.18,3678.7
2003-02-06,7929.3,3597
2003-02-07,7864.23,3599.2
2003-02-10,7920.11,3579.1
2003-02-11,7843.11,3669.2
2003-02-12,7758.17,3616.1
2003-02-13,7749.87,3610.8
2003-02-14,7908.8,3611.9
2003-02-18,8041.15,3729.5
2003-02-19,8000.6,3658.3
2003-02-20,7914.96,3687.2
2003-02-21,8018.11,3727.1
2003-02-24,7858.24,3701.8
2003-02-25,7909.5,3621.5
2003-02-26,7806.98,3593.3
2003-02-27,7884.99,3569.9
2003-02-28,7891.08,3655.6
2003-03-03,7837.86,3684.7
2003-03-04,7704.87,3625.3
2003-03-05,7775.6,3563.5
2003-03-06,7673.99,3555.4
2003-03-07,7740.03,3491.6
2003-03-10,7568.18,3436
2003-03-11,7524.06,3452.7
2003-03-12,7552.07,3287
2003-03-13,7821.75,3486.9
2003-03-14,7859.71,3601.8
2003-03-17,8141.92,3722.3
2003-03-18,8194.23,3747.3
2003-03-19,8265.45,3765.4
2003-03-20,8286.6,3765.7
2003-03-21,8521.97,3861.1
2003-03-24,8214.68,3743.3
2003-03-25,8280.23,3762
2003-03-26,8229.88,3793.1
2003-03-27,8201.45,3729.1
2003-03-28,8145.77,3708.5
2003-03-31,7992.13,3613.3
2003-04-01,8069.86,3684.8
2003-04-02,8285.06,3753.4
2003-04-03,8240.38,3771.1
2003-04-04,8277.15,3814.4
2003-04-07,8300.41,3935.8
2003-04-08,8298.92,3868.8
2003-04-09,8197.94,3861.4
2003-04-10,8221.33,3803.3
2003-04-11,8203.41,3808.1
2003-04-14,8351.1,3849.4
2003-04-15,8402.36,3916.8
2003-04-16,8257.61,3854.9
2003-04-17,8337.65,3889.2
2003-04-22,8484.99,3917.7
2003-04-23,8515.66,3966.5
2003-04-24,8440.04,3899
2003-04-25,8306.35,3870.2
2003-04-28,8471.61,3940.3
2003-04-29,8502.99,3927.8
2003-04-30,8480.09,3926
2003-05-01,8454.25,3880.1
2003-05-02,8582.68,3952.6
2003-05-06,8588.36,4006.4
2003-05-07,8560.63,3992.9
2003-05-08,8491.22,3928.9
2003-05-09,8604.6,3969.4
2003-05-12,8726.73,3987.4
2003-05-13,8679.25,3999.9
2003-05-14,8647.82,3975
2003-05-15,8713.14,4011.1
2003-05-16,8678.97,4049
2003-05-19,8493.39,3941.3
2003-05-20,8491.36,3971.6
2003-05-21,8516.43,3936.4
2003-05-22,8594.02,3990.4
2003-05-23,8601.38,3979.8
2003-05-27,8781.35,3992.4
2003-05-28,8793.12,4071.9
2003-05-29,8711.18,4083.6
2003-05-30,8850.26,4048.1
2003-06-02,8897.81,4129.3
2003-06-03,8922.95,4115.7
2003-06-04,9038.98,4126.6
2003-06-05,9041.3,4104.3
2003-06-06,9062.79,4150.8
2003-06-09,8980,4129.1
2003-06-10,9054.89,4113
2003-06-11,9183.22,4150.1
2003-06-12,9196.55,4161.3
2003-06-13,9117.12,4134.1
2003-06-16,9318.96,4152.9
2003-06-17,9323.02,4190.4
2003-06-18,9293.8,4207
2003-06-19,9179.53,4131.5
2003-06-20,9200.75,4160.1
2003-06-23,9072.95,4087.9
2003-06-24,9109.85,4060.9
2003-06-25,9011.53,4067.9
2003-06-26,9079.04,4041.7
2003-06-27,8989.05,4067.8
2003-06-30,8985.44,4031.2
2003-07-01,9040.95,3963.9
2003-07-02,9142.84,4006.9
2003-07-03,9070.21,4024.8
2003-07-07,9216.79,4074.8
2003-07-08,9223.09,4073.6
2003-07-09,9156.21,4054.7
2003-07-10,9036.04,4028.8
2003-07-11,9119.59,4058.1
2003-07-14,9177.15,4127.6
2003-07-15,9128.97,4102.5
2003-07-16,9094.59,4077.1
2003-07-17,9050.82,4056.6
2003-07-18,9188.15,4073.2
2003-07-21,9096.69,4044.3
2003-07-22,9158.45,4079.7
2003-07-23,9194.24,4086.5
2003-07-24,9112.51,4149.6
2003-07-25,9284.57,4131.2
2003-07-28,9266.51,4148.8
2003-07-29,9204.46,4137
2003-07-30,9200.05,4141.2
2003-07-31,9233.8,4157
2003-08-01,9153.97,4098.4
2003-08-04,9186.04,4100.1
2003-08-05,9036.32,4121
2003-08-06,9061.74,4070.4
2003-08-07,9126.45,4095.6
2003-08-08,9191.09,4147.8
2003-08-11,9217.35,4176.7
2003-08-12,9310.06,4185.6
2003-08-13,9271.76,4180.7
2003-08-14,9310.56,4237.8
2003-08-15,9321.69,4247.3
2003-08-18,9412.45,4272.1
2003-08-19,9428.9,4250.8
2003-08-20,9397.51,4217.4
2003-08-21,9423.68,4223.5
2003-08-22,9348.87,4225.9
2003-08-26,9340.45,4177.4
2003-08-27,9333.79,4206.4
2003-08-28,9374.21,4198
2003-08-29,9415.82,4161.1
2003-09-02,9523.27,4204.4
2003-09-03,9568.46,4262.1
2003-09-04,9587.9,4248.8
2003-09-05,9503.34,4257.2
2003-09-08,9586.29,4292.1
2003-09-09,9507.2,4263.9
2003-09-10,9420.46,4252.1
2003-09-11,9459.76,4242.2
2003-09-12,9471.55,4237.8
2003-09-15,9448.81,4260.9
2003-09-16,9567.34,4299
2003-09-17,9545.65,4293
2003-09-18,9659.13,4314.7
2003-09-19,9644.82,4257
2003-09-22,9535.41,4228.2
2003-09-23,9576.04,4221.7
2003-09-24,9425.51,4236.4
2003-09-25,9343.96,4202.2
2003-09-26,9313.08,4157.1
2003-09-29,9380.24,4142.7
2003-09-30,9275.06,4091.3
2003-10-01,9469.2,4169.2
2003-10-02,9487.8,4209.1
2003-10-03,9572.31,4274
2003-10-06,9594.98,4270.1
2003-10-07,9654.61,4272
2003-10-08,9630.9,4268.6
2003-10-09,9680.01,4313.9
2003-10-10,9674.68,4311
2003-10-13,9764.38,4362.3
2003-10-14,9812.98,4334.1
2003-10-15,9803.05,4368.8
2003-10-16,9791.72,4339.7
2003-10-17,9721.79,4344
2003-10-20,9777.94,4347.5
2003-10-21,9747.64,4352.3
2003-10-22,9598.24,4285.6
2003-10-23,9613.13,4240.2
2003-10-24,9582.46,4239
2003-10-27,9608.16,4251.3
2003-10-28,9748.31,4272.9
2003-10-29,9774.53,4265.7
2003-10-30,9786.61,4300.9
2003-10-31,9801.12,4287.6
2003-11-03,9858.46,4332.6
2003-11-04,9838.83,4330.3
2003-11-05,9820.83,4303.4
2003-11-06,9856.97,4324.2
2003-11-07,9809.79,4376.9
2003-11-10,9756.53,4341.8
2003-11-11,9737.79,4345.1
2003-11-12,9848.83,4371.2
2003-11-13,9837.94,4373
2003-11-14,9768.68,4397
2003-11-17,9710.83,4338.9
2003-11-18,9624.16,4354.7
2003-11-19,9690.46,4327.4
2003-11-20,9619.42,4308
2003-11-21,9628.53,4319
2003-11-24,9747.79,4382.4
2003-11-25,9763.94,4388.7
2003-11-26,9779.57,4370.3
2003-11-28,9782.46,4342.6
2003-12-01,9899.05,4410
2003-12-02,9853.64,4378.9
2003-12-03,9873.42,4392
2003-12-04,9930.82,4378.2
2003-12-05,9862.68,4367
2003-12-08,9965.27,4359.8
2003-12-09,9923.42,4379.6
2003-12-10,9921.86,4335.4
2003-12-11,10008.16,4331.3
2003-12-12,10042.16,4347.6
2003-12-15,10022.82,4348
2003-12-16,10129.56,4333
2003-12-17,10145.26,4354.2
2003-12-18,10248.08,4397.3
2003-12-19,10278.22,4412.3
2003-12-22,10338,4424
2003-12-23,10341.26,4440.9
2003-12-24,10305.19,4444.7
2003-12-29,10450,4457.5
2003-12-30,10425.04,4470.4
2003-12-31,10453.92,4476.9
2004-01-02,10409.85,4510.2
2004-01-05,10544.07,4513.3
2004-01-06,10538.66,4505.2
2004-01-07,10529.03,4473
2004-01-08,10592.44,4494.2
2004-01-09,10458.89,4466.3
2004-01-12,10485.18,4449.6
2004-01-13,10427.18,4440.1
2004-01-14,10538.37,4461.4
2004-01-15,10553.85,4456.1
2004-01-16,10600.51,4487.9
2004-01-20,10528.66,4499.3
2004-01-21,10623.62,4511.2
2004-01-22,10623.18,4476.8
2004-01-23,10568.29,4460.8
2004-01-26,10702.51,4445.5
2004-01-27,10609.92,4447
2004-01-28,10468.37,4468.1
2004-01-29,10510.29,4411.5
2004-01-30,10488.07,4390.7
2004-02-02,10499.18,4381.4
2004-02-03,10505.18,4390.6
2004-02-04,10470.74,4398.5
2004-02-05,10495.55,4384.4
2004-02-06,10593.03,4402.7
2004-02-09,10579.03,4434.4
2004-02-10,10613.85,4404.9
2004-02-11,10737.7,4396
2004-02-12,10694.07,4377.7
2004-02-13,10627.85,4412
2004-02-17,10714.88,4461.5
2004-02-18,10671.99,4442.9
2004-02-19,10664.73,4515.6
2004-02-20,10619.03,4515
2004-02-23,10609.62,4524.3
2004-02-24,10566.37,4496.8
2004-02-25,10601.62,4507.5
2004-02-26,10580.14,4515.9
2004-02-27,10583.92,4492.2
2004-03-01,10678.14,4537
2004-03-02,10591.48,4540.1
2004-03-03,10593.11,4525.1
2004-03-04,10588,4559.1
2004-03-05,10595.55,4547.1
2004-03-08,10529.48,4553.8
2004-03-09,10456.96,4542
2004-03-10,10296.89,4545.3
2004-03-11,10128.38,4445.2
2004-03-12,10240.08,4467.4
2004-03-15,10102.89,4412.9
2004-03-16,10184.67,4428.9
2004-03-17,10300.3,4456.8
2004-03-18,10295.78,4397.9
2004-03-19,10186.6,4417.7
2004-03-22,10064.75,4333.8
2004-03-23,10063.64,4318.5
2004-03-24,10048.23,4309.4
2004-03-25,10218.82,4373.6
2004-03-26,10212.97,4357.5
2004-03-29,10329.63,4406.7
2004-03-30,10381.7,4412.8
2004-03-31,10357.7,4385.7
2004-04-01,10373.33,4410.7
2004-04-02,10470.59,4465.6
2004-04-05,10558.37,4480.7
2004-04-06,10570.81,4472.8
2004-04-07,10480.15,4468.7
2004-04-08,10442.03,4489.7
2004-04-13,10381.28,4515.8
2004-04-14,10377.95,4485.4
2004-04-15,10397.46,4505.5
2004-04-16,10451.97,4537.3
2004-04-19,10437.85,4546.2
2004-04-20,10314.5,4569
2004-04-21,10317.27,4539.9
2004-04-22,10461.2,4571.8
2004-04-23,10472.84,4570
2004-04-26,10444.73,4571.8
2004-04-27,10478.16,4575.7
2004-04-28,10342.6,4524.5
2004-04-29,10272.27,4519.5
2004-04-30,10225.57,4489.7
2004-05-04,10317.2,4547.2
2004-05-05,10310.95,4569.5
2004-05-06,10241.26,4516.2
2004-05-07,10117.34,4498.4
2004-05-10,9990.02,4395.2
2004-05-11,10019.47,4454.7
2004-05-12,10045.16,4412.9
2004-05-13,10010.74,4453.8
2004-05-14,10012.87,4441.8
2004-05-17,9906.91,4403
2004-05-18,9968.51,4414.4
2004-05-19,9937.71,4471.8
2004-05-20,9937.64,4428.7
2004-05-21,9966.74,4431.4
2004-05-24,9958.43,4428.9
2004-05-25,10117.62,4418
2004-05-26,10109.89,4438.3
2004-05-27,10205.2,4453.6
2004-05-28,10188.45,4430.7
2004-06-01,10202.65,4422.7
2004-06-02,10262.97,4422.8
2004-06-03,10195.91,4435.4
2004-06-04,10242.82,4454.4
2004-06-07,10391.08,4491.6
2004-06-08,10432.52,4504.8
2004-06-09,10368.44,4489.5
2004-06-10,10410.1,4486.1
2004-06-14,10334.73,4433.2
2004-06-15,10380.43,4458.6
2004-06-16,10379.58,4491.1
2004-06-17,10377.52,4493.3
2004-06-18,10416.41,4505.8
2004-06-21,10371.47,4502.2
2004-06-22,10395.07,4468.5
2004-06-23,10479.57,4486.7
2004-06-24,10443.81,4503.2
2004-06-25,10371.84,4494.1
2004-06-28,10357.09,4518.7
2004-06-29,10413.43,4512.4
2004-06-30,10435.48,4464.1
2004-07-01,10334.16,4424.7
2004-07-02,10282.83,4407.4
2004-07-06,10219.34,4370.7
2004-07-07,10240.29,4358.4
2004-07-08,10171.56,4381.1
2004-07-09,10213.22,4393.2
2004-07-12,10238.22,4360
2004-07-13,10247.59,4357.7
2004-07-14,10208.8,4372.6
2004-07-15,10163.16,4340.7
2004-07-16,10139.78,4339.2
2004-07-19,10094.06,4321.1
2004-07-20,10149.07,4339.4
2004-07-21,10046.13,4377.3
2004-07-22,10050.33,4306.3
2004-07-23,9962.22,4326.3
2004-07-26,9961.92,4287
2004-07-27,10085.14,4324.9
2004-07-28,10117.07,4356.2
2004-07-29,10129.24,4418.7
2004-07-30,10139.71,4413.1
2004-08-02,10179.16,4415.7
2004-08-03,10120.24,4429.7
2004-08-04,10126.51,4408.1
2004-08-05,9963.03,4413.4
2004-08-06,9815.33,4337.9
2004-08-09,9814.66,4314.4
2004-08-10,9944.67,4350.9
2004-08-11,9938.32,4312.2
2004-08-12,9814.59,4328.1
2004-08-13,9825.35,4301.5
2004-08-16,9954.55,4350.2
2004-08-17,9972.83,4358.7
2004-08-18,10083.15,4355.2
2004-08-19,10040.82,4362.6
2004-08-20,10110.14,4369.2
2004-08-23,10073.05,4405.3
2004-08-24,10098.63,4407.5
2004-08-25,10181.74,4411.6
2004-08-26,10173.41,4453.9
2004-08-27,10195.01,4490.1
2004-08-31,10173.92,4459.3
2004-09-01,10168.46,4502
2004-09-02,10290.28,4518.6
2004-09-03,10260.2,4550.8
2004-09-07,10341.16,4565.6
2004-09-08,10313.36,4558.4
2004-09-09,10289.1,4538
2004-09-10,10313.07,4545
2004-09-13,10314.76,4558.5
2004-09-14,10318.16,4545.6
2004-09-15,10231.36,4548.4
2004-09-16,10244.49,4556.5
2004-09-17,10284.46,4591
2004-09-20,10204.89,4579.5
2004-09-21,10244.93,4608.4
2004-09-22,10109.18,4592.3
2004-09-23,10038.9,4568.3
2004-09-24,10047.24,4578.1
2004-09-27,9988.54,4541.2
2004-09-28,10077.4,4567.3
2004-09-29,10136.24,4588.1
2004-09-30,10080.27,4570.8
2004-10-01,10192.65,4659.6
2004-10-04,10216.54,4681.8
2004-10-05,10177.68,4707.1
2004-10-06,10239.92,4706.3
2004-10-07,10125.4,4698.7
2004-10-08,10055.2,4698.9
2004-10-11,10081.97,4685.5
2004-10-12,10077.18,4647.9
2004-10-13,10002.33,4634.8
2004-10-14,9894.45,4629.4
2004-10-15,9933.38,4622.7
2004-10-18,9956.32,4626.6
2004-10-19,9897.62,4655.2
2004-10-20,9886.93,4616.4
2004-10-21,9865.76,4617.4
2004-10-22,9757.81,4615.4
2004-10-25,9749.99,4564.5
2004-10-26,9888.48,4583.4
2004-10-27,10002.03,4630.1
2004-10-28,10004.54,4642.8
2004-10-29,10027.47,4624.2
2004-11-01,10054.39,4673.8
2004-11-02,10035.73,4693.2
2004-11-03,10137.05,4718.5
2004-11-04,10314.76,4728.3
2004-11-05,10387.54,4739.8
2004-11-08,10391.31,4716.6
2004-11-09,10386.37,4717.7
2004-11-10,10385.48,4734.5
2004-11-11,10469.84,4776.9
2004-11-12,10539.01,4793.9
2004-11-15,10550.24,4803.1
2004-11-16,10487.65,4770.4
2004-11-17,10549.57,4795.9
2004-11-18,10572.55,4805.3
2004-11-19,10456.91,4760.8
2004-11-22,10489.42,4733.1
2004-11-23,10492.6,4742.4
2004-11-24,10520.31,4719.4
2004-11-26,10522.23,4741.5
2004-11-29,10475.9,4749.8
2004-11-30,10428.02,4703.2
2004-12-01,10590.22,4735.7
2004-12-02,10585.12,4751.2
2004-12-03,10592.21,4747.9
2004-12-06,10547.06,4722.8
2004-12-07,10440.58,4728.7
2004-12-08,10494.23,4703.9
2004-12-09,10552.82,4688.4
2004-12-10,10543.22,4694
2004-12-13,10638.32,4736.8
2004-12-14,10676.45,4722.8
2004-12-15,10691.45,4728.2
2004-12-16,10705.64,4735.2
2004-12-17,10649.92,4696.8
2004-12-20,10661.6,4731.1
2004-12-21,10759.43,4733
2004-12-22,10815.89,4777.4
2004-12-23,10827.12,4787.7
2004-12-29,10829.19,4819.8
2004-12-30,10800.3,4820.1
2004-12-31,10783.01,4814.3
2005-01-04,10630.78,4847
2005-01-05,10597.83,4806
2005-01-06,10622.88,4824.3
2005-01-07,10603.96,4854.1
2005-01-10,10621.03,4840.7
2005-01-11,10556.22,4818.7
2005-01-12,10617.78,4783.6
2005-01-13,10505.83,4800.3
2005-01-14,10558,4820.8
2005-01-18,10628.79,4823.9
2005-01-19,10539.97,4818.3
2005-01-20,10471.47,4800.8
2005-01-21,10392.99,4803.3
2005-01-24,10368.61,4812.5
2005-01-25,10461.56,4843.2
2005-01-26,10498.59,4847.1
2005-01-27,10467.4,4853.4
2005-01-28,10427.2,4832.8
2005-01-31,10489.94,4852.3
2005-02-01,10551.94,4906.2
2005-02-02,10596.79,4916.2
2005-02-03,10593.1,4908.3
2005-02-04,10716.13,4941.5
2005-02-07,10715.76,4979.8
2005-02-08,10724.63,4995.5
2005-02-09,10664.11,4990.4
2005-02-10,10749.61,5000
2005-02-11,10796.01,5044.2
2005-02-14,10791.13,5041.8
2005-02-15,10837.32,5058.9
2005-02-16,10834.88,5053.2
2005-02-17,10754.26,5057.4
2005-02-18,10785.22,5057.2
2005-02-22,10611.2,5032.9
2005-02-23,10673.79,4988.5
2005-02-24,10748.79,4972.1
2005-02-25,10841.6,5006.8
2005-02-28,10766.23,4968.5
2005-03-01,10830,5000.5
2005-03-02,10811.97,4992.8
2005-03-03,10833.03,5014.8
2005-03-04,10940.55,5036.3
2005-03-07,10936.86,5027.2
2005-03-08,10912.62,5010.9
2005-03-09,10805.62,4996.1
2005-03-10,10851.51,4962.1
2005-03-11,10774.36,4982
2005-03-14,10804.51,4975
2005-03-15,10745.1,5000.2
2005-03-16,10633.07,4937.6
2005-03-17,10626.35,4922.1
2005-03-18,10629.67,4923.3
2005-03-21,10565.39,4933.5
2005-03-22,10470.51,4937.3
2005-03-23,10456.02,4910.4
2005-03-24,10442.87,4922.5
2005-03-29,10405.7,4919
2005-03-30,10540.93,4900.7
2005-03-31,10503.76,4894.4
2005-04-01,10404.3,4914
2005-04-04,10421.14,4896.7
2005-04-05,10458.46,4942.9
2005-04-06,10486.02,4947.4
2005-04-07,10546.32,4977
2005-04-08,10461.34,4983.6
2005-04-11,10448.56,4973.2
2005-04-12,10507.97,4946.2
2005-04-13,10403.93,4960.8
2005-04-14,10278.75,4945.4
2005-04-15,10087.51,4891.6
2005-04-18,10071.25,4827.1
2005-04-19,10127.41,4855.6
2005-04-20,10012.36,4822
2005-04-21,10218.6,4819.6
2005-04-22,10157.71,4849.3
2005-04-25,10242.47,4864.9
2005-04-26,10151.13,4845.5
2005-04-27,10198.8,4789.4
2005-04-28,10070.37,4790.2
2005-04-29,10192.51,4801.7
2005-05-03,10256.95,4861.2
2005-05-04,10384.64,4882.5
2005-05-05,10340.38,4902.3
2005-05-06,10345.4,4918.9
2005-05-09,10384.34,4910.3
2005-05-10,10281.11,4892.4
2005-05-11,10300.25,4875.4
2005-05-12,10189.48,4893.2
2005-05-13,10140.12,4886.5
2005-05-16,10252.29,4884.2
2005-05-17,10331.88,4898.5
2005-05-18,10464.45,4949.4
2005-05-19,10493.19,4962.7
2005-05-20,10471.91,4971.8
2005-05-23,10523.56,4989.8
2005-05-24,10503.68,4982.5
2005-05-25,10457.8,4971.5
2005-05-26,10537.6,4994.9
2005-05-27,10542.55,4986.3
2005-05-31,10467.48,4964
2005-06-01,10549.87,5011
2005-06-02,10553.49,5005
2005-06-03,10460.97,4999.4
2005-06-06,10467.03,4980.4
2005-06-07,10483.07,5025.2
2005-06-08,10476.86,5003.7
2005-06-09,10503.02,5009.2
2005-06-10,10512.63,5030.4
2005-06-13,10522.56,5050.4
2005-06-14,10547.57,5046.8
2005-06-15,10566.37,5019.5
2005-06-16,10578.65,5045
2005-06-17,10623.07,5077.6
2005-06-20,10609.1,5072
2005-06-21,10599.67,5082.1
2005-06-22,10587.93,5099.3
2005-06-23,10421.44,5114.4
2005-06-24,10297.83,5079
2005-06-27,10290.78,5043.5
2005-06-28,10405.63,5090.4
2005-06-29,10374.48,5109.1
2005-06-30,10274.97,5113.2
2005-07-01,10303.44,5161
2005-07-05,10371.8,5190.1
2005-07-06,10270.68,5229.6
2005-07-07,10302.29,5158.3
2005-07-08,10449.14,5232.2
2005-07-11,10519.72,5242.4
2005-07-12,10513.89,5217.2
2005-07-13,10557.39,5245.9
2005-07-14,10628.88,5259.7
2005-07-15,10640.83,5230.8
2005-07-18,10574.99,5214.2
2005-07-19,10646.56,5201.5
2005-07-20,10689.15,5215.2
2005-07-21,10627.77,5221.6
2005-07-22,10651.18,5241.8
2005-07-25,10596.48,5270.7
2005-07-26,10579.77,5256.2
2005-07-27,10637.09,5263.6
2005-07-28,10705.55,5270.3
2005-07-29,10640.91,5282.3
2005-08-01,10623.15,5290.8
2005-08-02,10683.74,5327.5
2005-08-03,10697.59,5332.3
2005-08-04,10610.1,5315.5
2005-08-05,10558.03,5314.7
2005-08-08,10536.93,5344.3
2005-08-09,10615.67,5363.7
2005-08-10,10594.41,5377.5
2005-08-11,10685.89,5358.6
2005-08-12,10600.3,5345.8
2005-08-15,10634.38,5344.2
2005-08-16,10513.45,5322.3
2005-08-17,10550.71,5292.7
2005-08-18,10554.92,5269.3
2005-08-19,10559.23,5312.6
2005-08-22,10569.89,5318.4
2005-08-23,10519.58,5300.2
2005-08-24,10434.87,5275.2
2005-08-25,10450.63,5255.7
2005-08-26,10397.29,5228.1
2005-08-30,10412.82,5255.8
2005-08-31,10481.6,5296.9
2005-09-01,10459.63,5328.5
2005-09-02,10447.37,5326.8
2005-09-06,10589.24,5359.2
2005-09-07,10633.5,5365.9
2005-09-08,10595.93,5340.8
2005-09-09,10678.56,5359.3
2005-09-12,10682.94,5375.1
2005-09-13,10597.44,5338
2005-09-14,10558.75,5347.4
2005-09-15,10558.75,5383.5
2005-09-16,10641.94,5407.9
2005-09-19,10557.63,5429.7
2005-09-20,10481.52,5416.4
2005-09-21,10378.03,5369.7
2005-09-22,10422.05,5385.7
2005-09-23,10419.59,5413.6
2005-09-26,10443.63,5453.1
2005-09-27,10456.21,5447.3
2005-09-28,10473.08,5494.8
2005-09-29,10552.78,5478.2
2005-09-30,10568.7,5477.7
2005-10-03,10535.48,5501.5
2005-10-04,10441.11,5494.4
2005-10-05,10317.36,5427.8
2005-10-06,10287.1,5372.4
2005-10-07,10292.31,5362.3
2005-10-10,10238.76,5374.5
2005-10-11,10253.17,5380.7
2005-10-12,10216.9,5342.2
2005-10-13,10216.59,5265.2
2005-10-14,10287.34,5275
2005-10-17,10348.1,5286.5
2005-10-18,10285.26,5263.9
2005-10-19,10414.13,5167.8
2005-10-20,10281.1,5164.1
2005-10-21,10215.22,5142.1
2005-10-24,10385,5207.6
2005-10-25,10377.87,5182.1
2005-10-26,10344.98,5227.8
2005-10-27,10229.95,5182.8
2005-10-28,10402.77,5213.4
2005-10-31,10440.07,5317.3
2005-11-01,10406.77,5344.3
2005-11-02,10472.73,5358.6
2005-11-03,10522.59,5431.9
2005-11-04,10530.76,5423.6
2005-11-07,10586.23,5460.8
2005-11-08,10539.72,5460.9
2005-11-09,10546.21,5439.8
2005-11-10,10640.1,5423.5
2005-11-11,10686.04,5465.1
2005-11-14,10697.17,5470
2005-11-15,10686.44,5439.6
2005-11-16,10674.76,5430
2005-11-17,10720.22,5460
2005-11-18,10766.33,5498.9
2005-11-21,10820.28,5497.9
2005-11-22,10871.43,5517.2
2005-11-23,10916.09,5531.7
2005-11-25,10931.62,5523.8
2005-11-28,10890.72,5477.4
2005-11-29,10888.16,5491
2005-11-30,10805.87,5423.2
2005-12-01,10912.57,5486.1
2005-12-02,10877.51,5528.1
2005-12-05,10835.01,5510.4
2005-12-06,10856.86,5538.8
2005-12-07,10810.91,5528.8
2005-12-08,10755.12,5531.1
2005-12-09,10778.58,5517.4
2005-12-12,10767.77,5501.5
2005-12-13,10823.72,5507.2
2005-12-14,10883.51,5521.1
2005-12-15,10881.67,5495.3
2005-12-16,10875.59,5531.6
2005-12-19,10836.53,5539.8
2005-12-20,10805.55,5547.9
2005-12-21,10833.73,5587.4
2005-12-22,10889.44,5597
2005-12-23,10883.27,5595.4
2005-12-28,10796.26,5622.8
2005-12-29,10784.82,5638.3
2005-12-30,10717.5,5618.8
2006-01-03,10847.41,5681.5
2006-01-04,10880.15,5714.6
2006-01-05,10882.15,5691.2
2006-01-06,10959.31,5731.8
2006-01-09,11011.9,5731.5
2006-01-10,11011.58,5688.8
2006-01-11,11043.44,5731.5
2006-01-12,10962.36,5735.1
2006-01-13,10959.87,5711
2006-01-17,10896.32,5699
2006-01-18,10854.86,5663.7
2006-01-19,10880.71,5693.2
2006-01-20,10667.39,5672.4
2006-01-23,10688.77,5660.9
2006-01-24,10712.22,5633.8
2006-01-25,10709.74,5704.4
2006-01-26,10809.47,5722.6
2006-01-27,10907.21,5786.8
2006-01-30,10899.92,5779.8
2006-01-31,10864.86,5760.3
2006-02-01,10953.95,5801.6
2006-02-02,10851.98,5747.3
2006-02-03,10793.62,5759.3
2006-02-06,10798.27,5772.4
2006-02-07,10749.76,5746.8
2006-02-08,10858.62,5725.1
2006-02-09,10883.35,5808.7
2006-02-10,10919.05,5764.1
2006-02-13,10892.32,5793.5
2006-02-14,11028.39,5792.3
2006-02-15,11058.97,5791.5
2006-02-16,11120.68,5828.9
2006-02-17,11115.32,5846.2
2006-02-21,11069.06,5857.7
2006-02-22,11137.17,5872.4
2006-02-23,11069.22,5836
2006-02-24,11061.85,5860.5
2006-02-27,11097.55,5875.9
2006-02-28,10993.41,5791.5
2006-03-01,11053.53,5844.1
2006-03-02,11025.51,5833
2006-03-03,11021.59,5858.7
2006-03-06,10958.59,5897.8
2006-03-07,10980.69,5857.4
2006-03-08,11005.74,5812.9
2006-03-09,10972.28,5855.9
2006-03-10,11076.34,5907.9
2006-03-13,11076.02,5952.8
2006-03-14,11151.34,5950.6
2006-03-15,11209.77,5965.1
2006-03-16,11253.24,5993.2
2006-03-17,11279.65,5999.4
2006-03-20,11274.53,5991.7
2006-03-21,11235.47,5991.3
2006-03-22,11317.43,6007.5
2006-03-23,11270.29,5990.1
2006-03-24,11279.97,6036.3
2006-03-27,11250.11,5972.2
2006-03-28,11154.54,5935.7
2006-03-29,11215.7,5959.2
2006-03-30,11150.7,6015.2
2006-03-31,11109.32,5964.6
2006-04-03,11144.94,6024.3
2006-04-04,11203.85,6004.7
2006-04-05,11239.55,6044.1
2006-04-06,11216.5,6045.7
2006-04-07,11120.04,6026.1
2006-04-10,11141.33,6067
2006-04-11,11089.63,6016.5
2006-04-12,11129.97,6000.8
2006-04-13,11137.65,6029.4
2006-04-18,11268.77,6044.1
2006-04-19,11278.77,6089.8
2006-04-20,11342.89,6081.4
2006-04-21,11347.45,6132.7
2006-04-24,11336.32,6098.7
2006-04-25,11283.25,6086.6
2006-04-26,11354.49,6104.3
2006-04-27,11382.51,6060
2006-04-28,11367.14,6023.1
2006-05-02,11416.44,6082.1
2006-05-03,11400.28,6010
2006-05-04,11438.86,6036.9
2006-05-05,11577.74,6091.7
2006-05-08,11584.54,6067.1
2006-05-09,11639.77,6105.6
2006-05-10,11642.65,6083.4
2006-05-11,11500.73,6042
2006-05-12,11380.99,5912.1
2006-05-15,11428.77,5841.3
2006-05-16,11419.89,5846.2
2006-05-17,11205.61,5675.5
2006-05-18,11128.29,5671.6
2006-05-19,11144.06,5657.4
2006-05-22,11125.32,5532.7
2006-05-23,11098.35,5678.7
2006-05-24,11117.32,5587.1
2006-05-25,11211.05,5677.7
2006-05-26,11278.61,5791
2006-05-30,11094.43,5652
2006-05-31,11168.31,5723.8
2006-06-01,11260.28,5749.7
2006-06-02,11247.87,5764.6
2006-06-05,11048.72,5762.1
2006-06-06,11002.14,5669.8
2006-06-07,10930.9,5706.3
2006-06-08,10938.82,5562.9
2006-06-09,10891.92,5655.2
2006-06-12,10792.58,5620.9
2006-06-13,10706.14,5519.6
2006-06-14,10816.91,5506.8
2006-06-15,11015.19,5619.3
2006-06-16,11014.54,5597.4
2006-06-19,10942.11,5626.1
2006-06-20,10974.84,5658.2
2006-06-21,11079.46,5665
2006-06-22,11019.11,5684.1
2006-06-23,10989.09,5692.1
2006-06-26,11045.28,5681.2
2006-06-27,10924.74,5652.3
2006-06-28,10973.56,5678.6
2006-06-29,11190.8,5791.5
2006-06-30,11150.22,5833.4
2006-07-03,11228.02,5884.4
2006-07-05,11151.82,5826.7
2006-07-06,11225.3,5890
2006-07-07,11090.67,5888.9
2006-07-10,11103.55,5896.9
2006-07-11,11134.77,5857.3
2006-07-12,11013.18,5860.6
2006-07-13,10846.29,5765
2006-07-14,10739.35,5707.6
2006-07-17,10747.36,5701
2006-07-18,10799.23,5681.7
2006-07-19,11011.42,5778
2006-07-20,10928.1,5770.9
2006-07-21,10868.38,5719.7
2006-07-24,11051.05,5833.9
2006-07-25,11103.71,5851.2
2006-07-26,11102.51,5877.1
2006-07-27,11100.43,5929.5
2006-07-28,11219.7,5974.9
2006-07-31,11185.68,5928.3
2006-08-01,11125.73,5880.8
2006-08-02,11199.92,5932.1
2006-08-03,11242.59,5838.4
2006-08-04,11240.35,5889.4
2006-08-07,11219.38,5828.8
2006-08-08,11173.59,5818.1
2006-08-09,11076.18,5860.5
2006-08-10,11124.37,5823.4
2006-08-11,11088.02,5820.1
2006-08-14,11097.87,5870.9
2006-08-15,11230.26,5897.9
2006-08-16,11327.12,5896.6
2006-08-17,11334.96,5900.4
2006-08-18,11381.47,5903.4
2006-08-21,11345.04,5915.2
2006-08-22,11339.84,5902.6
2006-08-23,11297.9,5860
2006-08-24,11304.46,5869.1
2006-08-25,11284.05,5878.6
2006-08-29,11369.94,5888.3
2006-08-30,11382.91,5929.3
2006-08-31,11381.15,5906.1
2006-09-01,11464.15,5949.1
2006-09-05,11469.28,5981.7
2006-09-06,11406.2,5929.3
2006-09-07,11331.44,5858.1
2006-09-08,11392.11,5879.3
2006-09-11,11396.84,5850.8
2006-09-12,11498.09,5895.5
2006-09-13,11543.32,5892.2
2006-09-14,11527.39,5877.2
2006-09-15,11560.77,5877
2006-09-18,11555,5890.2
2006-09-19,11540.91,5831.8
2006-09-20,11613.19,5866.2
2006-09-21,11533.23,5896.7
2006-09-22,11508.1,5822.3
2006-09-25,11575.81,5798.3
2006-09-26,11669.39,5873.6
2006-09-27,11689.24,5930.1
2006-09-28,11718.45,5971.3
2006-09-29,11679.07,5960.8
2006-10-02,11670.35,5957.8
2006-10-03,11727.34,5937.1
2006-10-04,11850.61,5966.5
2006-10-05,11866.69,6004.5
2006-10-06,11850.21,6001.2
2006-10-09,11857.81,6030.9
2006-10-10,11867.17,6072.7
2006-10-11,11852.13,6073.5
2006-10-12,11947.7,6121.3
2006-10-13,11960.51,6157.3
2006-10-16,11980.59,6172.4
2006-10-17,11950.02,6108.6
2006-10-18,11992.68,6150.4
2006-10-19,12011.73,6156
2006-10-20,12002.37,6155.2
2006-10-23,12116.91,6166.1
2006-10-24,12127.88,6182.5
2006-10-25,12134.68,6214.6
2006-10-26,12163.66,6184.8
2006-10-27,12090.26,6160.9
2006-10-30,12086.49,6126.8
2006-10-31,12080.73,6129.2
2006-11-01,12031.02,6149.6
2006-11-02,12018.54,6149.3
2006-11-03,11986.04,6148.1
2006-11-06,12105.55,6224.5
2006-11-07,12156.77,6244
2006-11-08,12176.54,6239
2006-11-09,12103.3,6231.5
2006-11-10,12108.43,6208.4
2006-11-13,12131.88,6194.2
2006-11-14,12218.01,6186.6
2006-11-15,12251.71,6229.8
2006-11-16,12305.82,6254.9
2006-11-17,12342.55,6192
2006-11-20,12316.54,6204.5
2006-11-21,12321.59,6202.6
2006-11-22,12326.95,6160.3
2006-11-24,12280.17,6122.1
2006-11-27,12121.71,6050.1
2006-11-28,12136.44,6025.9
2006-11-29,12226.73,6084.4
2006-11-30,12221.93,6048.8
2006-12-01,12194.13,6021.5
2006-12-04,12283.85,6050.4
2006-12-05,12331.6,6086.4
2006-12-06,12309.25,6090.3
2006-12-07,12278.41,6131.5
2006-12-08,12307.48,6152.4
2006-12-11,12328.48,6159.8
2006-12-12,12315.58,6156.4
2006-12-13,12317.5,6192.5
2006-12-14,12416.76,6228
2006-12-15,12445.52,6260
2006-12-18,12441.27,6247.4
2006-12-19,12471.32,6203.9
2006-12-20,12463.87,6198.6
2006-12-21,12421.25,6183.7
2006-12-22,12343.21,6190
2006-12-27,12510.57,6245.2
2006-12-28,12501.52,6240.9
2006-12-29,12463.15,6220.8
2007-01-03,12474.52,6319
2007-01-04,12480.69,6287
2007-01-05,12398.01,6220.1
2007-01-08,12423.49,6194.2
2007-01-09,12416.6,6196.1
2007-01-10,12442.16,6160.7
2007-01-11,12514.98,6230.1
2007-01-12,12556.08,6239
2007-01-16,12582.59,6215.7
2007-01-17,12577.15,6204.5
2007-01-18,12567.93,6210.3
2007-01-19,12565.53,6237.2
2007-01-22,12477.16,6218.4
2007-01-23,12533.8,6227.6
2007-01-24,12621.77,6314.8
2007-01-25,12502.56,6269.3
2007-01-26,12487.02,6228
2007-01-29,12490.78,6239.9
2007-01-30,12523.31,6242
2007-01-31,12621.69,6203.1
2007-02-01,12673.68,6282.2
2007-02-02,12653.49,6310.9
2007-02-05,12661.74,6317.9
2007-02-06,12666.31,6346.3
2007-02-07,12666.87,6369.5
2007-02-08,12637.63,6346.4
2007-02-09,12580.83,6382.8
2007-02-12,12552.55,6353.5
2007-02-13,12654.85,6381.8
2007-02-14,12741.86,6421.2
2007-02-15,12765.01,6433.3
2007-02-16,12767.57,6419.5
2007-02-20,12786.64,6412.3
2007-02-21,12738.41,6357.1
2007-02-22,12686.02,6380.9
2007-02-23,12647.48,6401.5
2007-02-26,12632.26,6434.7
2007-02-27,12216.24,6286.1
2007-02-28,12268.63,6171.5
2007-03-01,12234.34,6116
2007-03-02,12114.1,6116.2
2007-03-05,12050.41,6058.7
2007-03-06,12207.59,6138.5
2007-03-07,12192.45,6156.5
2007-03-08,12260.7,6227.7
2007-03-09,12276.32,6245.2
2007-03-12,12318.62,6233.3
2007-03-13,12075.96,6161.2
2007-03-14,12133.4,6000.7
2007-03-15,12159.68,6133.2
2007-03-16,12110.41,6130.6
2007-03-19,12226.17,6189.4
2007-03-20,12288.1,6220.3
2007-03-21,12447.52,6256.8
2007-03-22,12461.14,6318
2007-03-23,12481.01,6339.4
2007-03-26,12469.07,6291.9
2007-03-27,12397.29,6292.6
2007-03-28,12300.36,6267.2
2007-03-29,12348.75,6324.2
2007-03-30,12354.35,6308
2007-04-02,12382.3,6315.5
2007-04-03,12510.93,6366.1
2007-04-04,12530.05,6364.7
2007-04-05,12560.83,6397.3
2007-04-10,12573.85,6417.8
2007-04-11,12484.62,6413.3
2007-04-12,12552.96,6416.4
2007-04-13,12612.13,6462.4
2007-04-16,12720.46,6516.2
2007-04-17,12773.04,6497.8
2007-04-18,12803.84,6449.4
2007-04-19,12808.63,6440.6
2007-04-20,12961.98,6486.8
2007-04-23,12919.4,6479.7
2007-04-24,12953.94,6429.5
2007-04-25,13089.89,6461.9
2007-04-26,13105.5,6469.4
2007-04-27,13120.94,6418.7
2007-04-30,13062.91,6449.2
2007-05-01,13136.14,6419.6
2007-05-02,13211.88,6484.5
2007-05-03,13241.38,6537.8
2007-05-04,13264.62,6603.7
2007-05-08,13309.07,6550.4
2007-05-09,13362.87,6549.6
2007-05-10,13215.13,6524.1
2007-05-11,13326.22,6565.7
2007-05-14,13346.78,6555.5
2007-05-15,13383.84,6568.6
2007-05-16,13487.53,6559.5
2007-05-17,13476.72,6579.3
2007-05-18,13556.53,6640.9
2007-05-21,13542.88,6636.8
2007-05-22,13539.95,6606.6
2007-05-23,13525.65,6616.4
2007-05-24,13441.13,6565.4
2007-05-25,13507.28,6570.5
2007-05-29,13521.34,6606.5
2007-05-30,13633.08,6602.1
2007-05-31,13627.64,6621.4
2007-06-01,13668.11,6676.7
2007-06-04,13676.32,6664.1
2007-06-05,13595.46,6632.8
2007-06-06,13465.67,6522.7
2007-06-07,13266.73,6505.1
2007-06-08,13424.39,6505.1
2007-06-11,13424.96,6567.5
2007-06-12,13295.01,6520.4
2007-06-13,13482.35,6559.6
2007-06-14,13553.73,6649.9
2007-06-15,13639.48,6732.4
2007-06-18,13612.98,6703.5
2007-06-19,13635.42,6650.2
2007-06-20,13489.42,6649.3
2007-06-21,13545.84,6596
2007-06-22,13360.26,6567.4
2007-06-25,13352.05,6588.4
2007-06-26,13337.66,6559.3
2007-06-27,13427.73,6527.6
2007-06-28,13422.28,6571.3
2007-06-29,13408.62,6607.9
2007-07-02,13535.43,6590.6
2007-07-03,13577.3,6639.8
2007-07-05,13565.84,6635.2
2007-07-06,13611.68,6690.1
2007-07-09,13649.97,6712.7
2007-07-10,13501.7,6630.9
2007-07-11,13577.87,6615.1
2007-07-12,13861.73,6697.7
2007-07-13,13907.25,6716.7
2007-07-16,13950.98,6697.7
2007-07-17,13971.55,6659.1
2007-07-18,13918.22,6567.1
2007-07-19,14000.41,6640.2
2007-07-20,13851.08,6585.2
2007-07-23,13943.42,6624.4
2007-07-24,13716.95,6498.7
2007-07-25,13785.07,6454.3
2007-07-26,13473.57,6251.2
2007-07-27,13265.47,6215.2
2007-07-30,13358.31,6206.1
2007-07-31,13211.99,6360.1
2007-08-01,13362.37,6250.6
2007-08-02,13463.33,6300.3
2007-08-03,13181.91,6224.3
2007-08-06,13468.78,6189.1
2007-08-07,13504.3,6308.8
2007-08-08,13657.86,6393.9
2007-08-09,13270.68,6271.2
2007-08-10,13239.54,6038.3
2007-08-13,13236.53,6219
2007-08-14,13028.92,6143.5
2007-08-15,12861.47,6109.3
2007-08-16,12845.78,5858.9
2007-08-17,13079.08,6064.2
2007-08-20,13121.35,6078.7
2007-08-21,13090.86,6086.1
2007-08-22,13236.13,6196
2007-08-23,13235.88,6196.9
2007-08-24,13378.87,6220.1
2007-08-28,13041.85,6102.2
2007-08-29,13289.29,6132.2
2007-08-30,13238.73,6212
2007-08-31,13357.74,6303.3
2007-09-04,13448.86,6376.8
2007-09-05,13305.47,6270.7
2007-09-06,13363.35,6313.3
2007-09-07,13113.38,6191.2
2007-09-10,13127.85,6134.1
2007-09-11,13308.39,6280.7
2007-09-12,13291.65,6306.2
2007-09-13,13424.88,6363.9
2007-09-14,13442.52,6289.3
2007-09-17,13403.42,6182.8
2007-09-18,13739.39,6283.3
2007-09-19,13815.56,6460
2007-09-20,13766.7,6429
2007-09-21,13820.19,6456.7
2007-09-24,13759.06,6465.9
2007-09-25,13778.65,6396.9
2007-09-26,13878.15,6433
2007-09-27,13912.94,6486.4
2007-09-28,13895.63,6466.8
2007-10-01,14087.55,6506.2
2007-10-02,14047.31,6500.4
2007-10-03,13968.05,6535.2
2007-10-04,13974.31,6547.9
2007-10-05,14066.01,6595.8
2007-10-08,14043.73,6540.9
2007-10-09,14164.53,6615.4
2007-10-10,14078.69,6633
2007-10-11,14015.12,6724.5
2007-10-12,14093.08,6730.7
2007-10-15,13984.8,6644.5
2007-10-16,13912.94,6614.3
2007-10-17,13892.54,6677.7
2007-10-18,13888.96,6609.4
2007-10-19,13522.02,6527.9
2007-10-22,13566.97,6459.3
2007-10-23,13676.23,6514
2007-10-24,13675.25,6482
2007-10-25,13671.92,6576.3
2007-10-26,13806.7,6661.3
2007-10-29,13870.26,6706
2007-10-30,13792.47,6659
2007-10-31,13930.01,6721.6
2007-11-01,13567.87,6586.1
2007-11-02,13595.1,6530.6
2007-11-05,13543.4,6461.4
2007-11-06,13660.94,6474.9
2007-11-07,13300.02,6385.1
2007-11-08,13266.29,6381.9
2007-11-09,13042.74,6304.9
2007-11-12,12987.55,6337.9
2007-11-13,13307.09,6362.4
2007-11-14,13231.01,6432.1
2007-11-15,13110.05,6359.6
2007-11-16,13176.79,6291.2
2007-11-19,12958.44,6120.8
2007-11-20,13010.14,6226.5
2007-11-21,12799.04,6070.9
2007-11-23,12980.88,6262.1
2007-11-26,12743.44,6180.5
2007-11-27,12958.44,6140.7
2007-11-28,13289.45,6306.2
2007-11-29,13311.73,6349.1
2007-11-30,13371.72,6432.5
2007-12-03,13314.57,6386.6
2007-12-04,13248.73,6315.2
2007-12-05,13444.96,6493.8
2007-12-06,13619.89,6485.6
2007-12-07,13625.58,6554.9
2007-12-10,13727.03,6565.4
2007-12-11,13432.77,6536.9
2007-12-12,13473.9,6559.8
2007-12-13,13517.96,6364.2
2007-12-14,13339.85,6397
2007-12-17,13167.2,6277.8
2007-12-18,13232.47,6279.3
2007-12-19,13207.27,6284.5
2007-12-20,13245.64,6345.6
2007-12-21,13450.65,6434.1
2007-12-24,13550.04,6479.3
2007-12-27,13359.61,6497.8
2007-12-28,13365.87,6476.9
2007-12-31,13264.82,6456.9
2008-01-02,13043.96,6416.7
2008-01-03,13056.72,6479.4
2008-01-04,12800.18,6348.5
2008-01-07,12827.49,6335.7
2008-01-08,12589.07,6356.5
2008-01-09,12735.31,6272.7
2008-01-10,12853.09,6222.7
2008-01-11,12606.3,6202
2008-01-14,12778.15,6215.7
2008-01-15,12501.11,6025.6
2008-01-16,12466.16,5942.9
2008-01-17,12159.21,5902.4
2008-01-18,12099.3,5901.7
2008-01-22,11971.19,5740.1
2008-01-23,12270.17,5609.3
2008-01-24,12378.61,5875.8
2008-01-25,12207.17,5869
2008-01-28,12383.89,5788.9
2008-01-29,12480.3,5885.2
2008-01-30,12442.83,5837.3
2008-01-31,12650.36,5879.8
2008-02-01,12743.19,6029.2
2008-02-04,12635.16,6026.2
2008-02-05,12265.13,5868
2008-02-06,12200.1,5875.4
2008-02-07,12247,5724.1
2008-02-08,12182.13,5784
2008-02-11,12240.01,5707.7
2008-02-12,12373.41,5910
2008-02-13,12552.24,5880.1
2008-02-14,12376.98,5879.3
2008-02-15,12348.21,5787.6
2008-02-19,12337.22,5966.9
2008-02-20,12427.26,5893.6
2008-02-21,12284.3,5932.2
2008-02-22,12381.02,5888.5
2008-02-25,12570.22,5999.5
2008-02-26,12684.92,6087.4
2008-02-27,12694.28,6076.5
2008-02-28,12582.18,5965.7
2008-02-29,12266.39,5884.3
2008-03-03,12258.9,5818.6
2008-03-04,12213.8,5767.7
2008-03-05,12254.99,5853.5
2008-03-06,12040.39,5766.4
2008-03-07,11893.69,5699.9
2008-03-10,11740.15,5629.1
2008-03-11,12156.81,5690.4
2008-03-12,12110.24,5776.4
2008-03-13,12145.74,5692.4
2008-03-14,11951.09,5631.7
2008-03-17,11972.25,5414.4
2008-03-18,12392.66,5605.8
2008-03-19,12099.66,5545.6
2008-03-20,12361.32,5495.2
2008-03-25,12532.6,5689.1
2008-03-26,12422.86,5660.4
2008-03-27,12302.46,5717.5
2008-03-28,12216.4,5692.9
2008-03-31,12262.89,5702.1
2008-04-01,12654.36,5852.6
2008-04-02,12608.92,5915.9
2008-04-03,12626.03,5891.3
2008-04-04,12609.42,5947.1
2008-04-07,12612.43,6014.8
2008-04-08,12576.44,5990.2
2008-04-09,12527.26,5983.9
2008-04-10,12581.98,5965.1
2008-04-11,12325.42,5895.5
2008-04-14,12302.06,5831.6
2008-04-15,12362.47,5906.9
2008-04-16,12619.27,6046.2
2008-04-17,12620.49,5980.4
2008-04-18,12849.36,6056.5
2008-04-21,12825.02,6053
2008-04-22,12720.23,6034.7
2008-04-23,12763.22,6083.6
2008-04-24,12848.95,6050.7
2008-04-25,12891.86,6091.4
2008-04-28,12871.75,6090.4
2008-04-29,12831.94,6089.4
2008-04-30,12820.13,6087.3
2008-05-01,13010,6087.3
2008-05-02,13058.2,6215.5
2008-05-06,13020.83,6215.2
2008-05-07,12814.35,6261
2008-05-08,12866.78,6270.8
2008-05-09,12745.88,6204.7
2008-05-12,12876.05,6220.6
2008-05-13,12832.18,6211.9
2008-05-14,12898.38,6216
2008-05-15,12992.66,6251.8
2008-05-16,12986.8,6304.3
2008-05-19,13028.16,6376.5
2008-05-20,12828.68,6191.6
2008-05-21,12601.19,6198.1
2008-05-22,12625.62,6181.6
2008-05-23,12479.63,6087.3
2008-05-27,12548.35,6058.5
2008-05-28,12594.03,6069.6
2008-05-29,12646.22,6068.1
2008-05-30,12638.32,6053.5
2008-06-02,12503.82,6007.6
2008-06-03,12402.85,6057.7
2008-06-04,12390.48,5970.1
2008-06-05,12604.45,5995.3
2008-06-06,12209.81,5906.8
2008-06-09,12280.32,5877.6
2008-06-10,12289.76,5827.3
2008-06-11,12083.77,5723.3
2008-06-12,12141.58,5790.5
2008-06-13,12307.35,5802.8
2008-06-16,12269.08,5794.6
2008-06-17,12160.3,5861.9
2008-06-18,12029.06,5756.9
2008-06-19,12063.09,5708.4
2008-06-20,11842.69,5620.8
2008-06-23,11842.36,5667.2
2008-06-24,11807.43,5634.7
2008-06-25,11811.83,5666.1
2008-06-26,11453.42,5518.2
2008-06-27,11346.51,5529.9
2008-06-30,11350.01,5625.9
2008-07-01,11382.26,5479.9
2008-07-02,11215.51,5426.3
2008-07-03,11288.53,5476.6
2008-07-07,11231.96,5512.7
2008-07-08,11384.21,5440.5
2008-07-09,11147.44,5529.6
2008-07-10,11229.02,5406.8
2008-07-11,11100.54,5261.6
2008-07-14,11055.19,5300.4
2008-07-15,10962.54,5171.9
2008-07-16,11239.28,5150.6
2008-07-17,11446.66,5286.3
2008-07-18,11496.57,5376.4
2008-07-21,11467.34,5404.3
2008-07-22,11602.5,5364.1
2008-07-23,11632.38,5449.9
2008-07-24,11349.28,5362.3
2008-07-25,11370.69,5352.6
2008-07-28,11131.08,5312.6
2008-07-29,11397.56,5319.2
2008-07-30,11583.69,5420.7
2008-07-31,11378.02,5411.9
2008-08-01,11326.32,5354.7
2008-08-04,11284.15,5320.2
2008-08-05,11615.77,5454.5
2008-08-06,11656.07,5486.1
2008-08-07,11431.43,5477.5
2008-08-08,11734.32,5489.2
2008-08-11,11782.35,5541.8
2008-08-12,11642.47,5534.5
2008-08-13,11532.96,5448.6
2008-08-14,11615.93,5497.4
2008-08-15,11659.9,5454.8
2008-08-18,11479.39,5450.2
2008-08-19,11348.55,5320.4
2008-08-20,11417.43,5371.8
2008-08-21,11430.21,5370.2
2008-08-22,11628.06,5505.6
2008-08-26,11412.87,5470.7
2008-08-27,11502.51,5528.1
2008-08-28,11715.18,5601.2
2008-08-29,11543.55,5636.6
2008-09-02,11516.92,5620.7
2008-09-03,11532.88,5499.7
2008-09-04,11188.23,5362.1
2008-09-05,11220.96,5240.7
2008-09-08,11510.74,5446.3
2008-09-09,11230.73,5415.6
2008-09-10,11268.92,5366.2
2008-09-11,11433.71,5318.4
2008-09-12,11421.99,5416.7
2008-09-15,10917.51,5204.2
2008-09-16,11059.02,5025.6
2008-09-17,10609.66,4912.4
2008-09-18,11019.69,4880
2008-09-19,11388.44,5311.3
2008-09-22,11015.69,5236.3
2008-09-23,10854.17,5136.1
2008-09-24,10825.17,5095.6
2008-09-25,11022.06,5197
2008-09-26,11143.13,5088.5
2008-09-29,10365.45,4818.8
2008-09-30,10850.66,4902.5
2008-10-01,10831.07,4959.6
2008-10-02,10482.85,4870.3
2008-10-03,10325.38,4980.3
2008-10-06,9955.5,4589.2
2008-10-07,9447.11,4605.2
2008-10-08,9258.1,4366.7
2008-10-09,8579.19,4313.8
2008-10-10,8451.19,3932.1
2008-10-13,9387.61,4256.9
2008-10-14,9310.99,4394.2
2008-10-15,8577.91,4079.6
2008-10-16,8979.26,3861.4
2008-10-17,8852.22,4063
2008-10-20,9265.43,4282.7
2008-10-21,9045.21,4229.7
2008-10-22,8519.21,4040.9
2008-10-23,8691.25,4087.8
2008-10-24,8378.95,3883.4
2008-10-27,8175.77,3852.6
2008-10-28,9065.12,3926.4
2008-10-29,8990.96,4242.5
2008-10-30,9180.69,4291.6
2008-10-31,9325.01,4377.3
2008-11-03,9319.83,4443.3
2008-11-04,9625.28,4639.5
2008-11-05,9139.27,4530.7
2008-11-06,8695.79,4272.4
2008-11-07,8943.81,4365
2008-11-10,8870.54,4403.9
2008-11-11,8693.96,4246.7
2008-11-12,8282.66,4182
2008-11-13,8835.25,4169.2
2008-11-14,8497.31,4233
2008-11-17,8273.58,4132.2
2008-11-18,8424.75,4208.5
2008-11-19,7997.28,4005.7
2008-11-20,7552.29,3875
2008-11-21,8046.42,3781
2008-11-24,8443.39,4153
2008-11-25,8479.47,4171.3
2008-11-26,8726.61,4152.7
2008-11-28,8829.04,4288
2008-12-01,8149.09,4065.5
2008-12-02,8419.09,4122.9
2008-12-03,8591.69,4170
2008-12-04,8376.24,4163.6
2008-12-05,8635.42,4049.4
2008-12-08,8934.18,4300.1
2008-12-09,8691.33,4381.3
2008-12-10,8761.42,4367.3
2008-12-11,8565.09,4388.7
2008-12-12,8629.68,4280.4
2008-12-15,8564.53,4277.6
2008-12-16,8924.14,4309.1
2008-12-17,8824.34,4324.2
2008-12-18,8604.99,4330.7
2008-12-19,8579.11,4286.9
2008-12-22,8519.69,4249.2
2008-12-23,8419.49,4256
2008-12-24,8468.48,4216.6
2008-12-29,8483.93,4319.4
2008-12-30,8668.39,4392.7
2008-12-31,8776.39,4434.2
2009-01-02,9034.69,4561.8
2009-01-05,8952.89,4579.6
2009-01-06,9015.1,4638.9
2009-01-07,8769.7,4507.5
2009-01-08,8742.46,4505.4
2009-01-09,8599.18,4448.5
2009-01-12,8473.97,4426.2
2009-01-13,8448.56,4399.1
2009-01-14,8200.14,4180.6
2009-01-15,8212.49,4121.1
2009-01-16,8281.22,4147.1
2009-01-20,7949.09,4091.4
2009-01-21,8228.1,4059.9
2009-01-22,8122.8,4052.2
2009-01-23,8077.56,4052.5
2009-01-26,8116.03,4209
2009-01-27,8174.73,4194.4
2009-01-28,8375.45,4295.2
2009-01-29,8149.01,4190.1
2009-01-30,8000.86,4149.6
2009-02-02,7936.83,4077.8
2009-02-03,8078.36,4164.5
2009-02-04,7956.66,4228.6
2009-02-05,8063.07,4228.9
2009-02-06,8280.59,4291.9
2009-02-09,8270.87,4307.6
2009-02-10,7888.88,4213.1
2009-02-11,7939.53,4234.3
2009-02-12,7932.76,4202.2
2009-02-13,7850.41,4189.6
2009-02-17,7552.6,4034.1
2009-02-18,7555.63,4006.8
2009-02-19,7465.95,4018.4
2009-02-20,7365.67,3889.1
2009-02-23,7114.78,3850.7
2009-02-24,7350.94,3816.4
2009-02-25,7270.89,3849
2009-02-26,7182.08,3915.6
2009-02-27,7062.93,3830.1
2009-03-02,6763.29,3625.8
2009-03-03,6726.02,3512.1
2009-03-04,6875.84,3645.9
2009-03-05,6594.44,3529.9
2009-03-06,6626.94,3530.7
2009-03-09,6547.05,3542.4
2009-03-10,6926.49,3715.2
2009-03-11,6930.4,3693.8
2009-03-12,7170.06,3712.1
2009-03-13,7223.98,3753.7
2009-03-16,7216.97,3864
2009-03-17,7395.7,3857.1
2009-03-18,7486.58,3805
2009-03-19,7400.8,3816.9
2009-03-20,7278.38,3842.9
2009-03-23,7775.86,3952.8
2009-03-24,7660.21,3911.5
2009-03-25,7749.81,3900.3
2009-03-26,7924.56,3925.2
2009-03-27,7776.18,3898.9
2009-03-30,7522.02,3762.9
2009-03-31,7608.92,3926.1
2009-04-01,7761.6,3955.6
2009-04-02,7978.08,4125
2009-04-03,8017.59,4029.7
2009-04-06,7975.85,3993.5
2009-04-07,7789.56,3930.5
2009-04-08,7837.11,3925.5
2009-04-09,8083.38,3983.7
2009-04-14,7920.18,3989
2009-04-15,8029.62,3968.4
2009-04-16,8125.43,4053
2009-04-17,8131.33,4092.8
2009-04-20,7841.73,3990.9
2009-04-21,7969.56,3987.5
2009-04-22,7886.57,4030.7
2009-04-23,7957.06,4018.2
2009-04-24,8076.29,4156
2009-04-27,8025,4167
2009-04-28,8016.95,4096.4
2009-04-29,8185.73,4189.6
2009-04-30,8168.12,4243.7
2009-05-01,8212.41,4243.2
2009-05-05,8410.65,4336.9
2009-05-06,8512.28,4396.5
2009-05-07,8409.85,4398.7
2009-05-08,8574.65,4462.1
2009-05-11,8418.77,4435.5
2009-05-12,8469.11,4425.5
2009-05-13,8284.89,4331.4
2009-05-14,8331.32,4362.6
2009-05-15,8268.64,4348.1
2009-05-18,8504.08,4446.5
2009-05-19,8474.85,4482.3
2009-05-20,8422.04,4468.4
2009-05-21,8292.13,4345.5
2009-05-22,8277.32,4365.3
2009-05-26,8473.49,4411.7
2009-05-27,8300.02,4416.2
2009-05-28,8403.8,4387.5
2009-05-29,8500.33,4417.9
2009-06-01,8721.44,4506.2
2009-06-02,8740.87,4477
2009-06-03,8675.24,4383.4
2009-06-04,8750.24,4386.9
2009-06-05,8763.13,4438.6
2009-06-08,8764.49,4405.2
2009-06-09,8763.06,4404.8
2009-06-10,8739.02,4436.8
2009-06-11,8770.92,4461.9
2009-06-12,8799.26,4442
2009-06-15,8612.13,4326
2009-06-16,8504.67,4328.6
2009-06-17,8497.18,4278.5
2009-06-18,8555.6,4280.9
2009-06-19,8539.73,4345.9
2009-06-22,8339.01,4234
2009-06-23,8322.91,4230
2009-06-24,8299.86,4280
2009-06-25,8472.4,4252.6
2009-06-26,8438.39,4241
2009-06-29,8529.38,4294
2009-06-30,8447,4249.2
2009-07-01,8504.06,4340.7
2009-07-02,8280.74,4234.3
2009-07-06,8324.87,4194.9
2009-07-07,8163.6,4187
2009-07-08,8178.41,4140.2
2009-07-09,8183.17,4158.7
2009-07-10,8146.52,4127.2
2009-07-13,8331.68,4202.1
2009-07-14,8359.49,4237.7
2009-07-15,8616.21,4346.5
2009-07-16,8711.82,4361.8
2009-07-17,8743.94,4388.8
2009-07-20,8848.15,4443.6
2009-07-21,8915.94,4481.2
2009-07-22,8881.26,4493.7
2009-07-23,9069.29,4559.8
2009-07-24,9093.24,4576.6
2009-07-27,9108.51,4586.1
2009-07-28,9096.72,4528.8
2009-07-29,9070.72,4547.5
2009-07-30,9154.46,4631.6
2009-07-31,9171.61,4608.4
2009-08-03,9286.56,4682.5
2009-08-04,9320.19,4671.4
2009-08-05,9280.97,4647.1
2009-08-06,9256.26,4690.5
2009-08-07,9370.07,4731.6
2009-08-10,9337.95,4722.2
2009-08-11,9241.45,4671.3
2009-08-12,9361.61,4716.8
2009-08-13,9398.19,4755.5
2009-08-14,9321.4,4714
2009-08-17,9135.34,4645
2009-08-18,9217.94,4685.8
2009-08-19,9279.16,4689.7
2009-08-20,9350.05,4756.6
2009-08-21,9505.96,4850.9
2009-08-24,9509.28,4896.2
2009-08-25,9539.29,4916.8
2009-08-26,9543.52,4890.6
2009-08-27,9580.63,4869.4
2009-08-28,9544.2,4908.9
2009-09-01,9310.6,4819.7
2009-09-02,9280.67,4817.5
2009-09-03,9344.61,4796.8
2009-09-04,9441.27,4851.7
2009-09-08,9497.34,4947.3
2009-09-09,9547.22,5004.3
2009-09-10,9627.48,4987.7
2009-09-11,9605.41,5011.5
2009-09-14,9626.8,5018.9
2009-09-15,9683.41,5042.1
2009-09-16,9791.71,5124.1
2009-09-17,9783.92,5164
2009-09-18,9820.2,5172.9
2009-09-21,9778.86,5134.4
2009-09-22,9829.87,5142.6
2009-09-23,9748.55,5139.4
2009-09-24,9707.44,5079.3
2009-09-25,9665.19,5082.2
2009-09-28,9789.36,5165.7
2009-09-29,9742.2,5159.7
2009-09-30,9712.28,5133.9
2009-10-01,9509.28,5047.8
2009-10-02,9487.67,4988.7
2009-10-05,9599.75,5024.3
2009-10-06,9731.25,5138
2009-10-07,9725.58,5108.9
2009-10-08,9786.87,5154.6
2009-10-09,9864.94,5161.9
2009-10-12,9885.8,5210.2
2009-10-13,9871.06,5154.1
2009-10-14,10015.86,5256.1
2009-10-15,10062.94,5223
2009-10-16,9995.91,5190.2
2009-10-19,10092.19,5281.5
2009-10-20,10041.48,5243.4
2009-10-21,9949.36,5257.9
2009-10-22,10081.31,5207.4
2009-10-23,9972.18,5242.6
2009-10-26,9867.96,5191.7
2009-10-27,9882.17,5201
2009-10-28,9762.69,5080.4
2009-10-29,9962.58,5137.7
2009-10-30,9712.73,5044.5
2009-11-02,9789.44,5104.5
2009-11-03,9771.91,5037.2
2009-11-04,9802.14,5107.9
2009-11-05,10005.96,5125.6
2009-11-06,10023.42,5142.7
2009-11-09,10226.94,5235.2
2009-11-10,10246.97,5230.5
2009-11-11,10291.26,5266.8
2009-11-12,10197.47,5276.5
2009-11-13,10270.47,5296.4
2009-11-16,10406.96,5382.7
2009-11-17,10437.42,5345.9
2009-11-18,10426.31,5342.1
2009-11-19,10332.44,5267.7
2009-11-20,10318.16,5251.4
2009-11-23,10450.95,5355.5
2009-11-24,10433.71,5324
2009-11-25,10464.4,5364.8
2009-11-27,10309.92,5245.7
2009-11-30,10344.84,5190.7
2009-12-01,10471.58,5312.2
2009-12-02,10452.68,5327.4
2009-12-03,10366.15,5313
2009-12-04,10388.9,5322.4
2009-12-07,10390.11,5310.7
2009-12-08,10285.97,5223.1
2009-12-09,10337.05,5203.9
2009-12-10,10405.83,5244.4
2009-12-11,10471.5,5261.6
2009-12-14,10501.05,5315.3
2009-12-15,10452,5285.8
2009-12-16,10441.12,5320.3
2009-12-17,10308.26,5217.6
2009-12-18,10328.89,5196.8
2009-12-21,10414.14,5294
2009-12-22,10464.93,5328.7
2009-12-23,10466.44,5372.4
2009-12-24,10520.1,5402.4
2009-12-29,10545.41,5437.6
2009-12-30,10548.51,5397.9
2009-12-31,10428.05,5412.9
2010-01-04,10583.96,5500.3
2010-01-05,10572.02,5522.5
2010-01-06,10573.68,5530
2010-01-07,10606.86,5526.7
2010-01-08,10618.19,5534.2
2010-01-11,10663.99,5538.1
2010-01-12,10627.26,5498.7
2010-01-13,10680.77,5473.5
2010-01-14,10710.55,5498.2
2010-01-15,10609.65,5455.4
2010-01-19,10725.43,5513.1
2010-01-20,10603.15,5420.8
2010-01-21,10389.88,5335.1
2010-01-22,10172.98,5303
2010-01-25,10196.86,5260.3
2010-01-26,10194.29,5276.9
2010-01-27,10236.16,5217.5
2010-01-28,10120.46,5145.7
2010-01-29,10067.33,5188.5
2010-02-01,10185.53,5247.4
2010-02-02,10296.85,5283.3
2010-02-03,10270.55,5253.1
2010-02-04,10002.18,5139.3
2010-02-05,10012.23,5060.9
2010-02-08,9908.39,5092.3
2010-02-09,10058.64,5111.8
2010-02-10,10038.38,5132
2010-02-11,10144.19,5161.5
2010-02-12,10099.14,5142.5
2010-02-16,10268.81,5244.1
2010-02-17,10309.24,5276.6
2010-02-18,10392.9,5325.1
2010-02-19,10402.35,5358.2
2010-02-22,10383.38,5352.1
2010-02-23,10282.41,5315.1
2010-02-24,10374.16,5342.9
2010-02-25,10321.03,5278.2
2010-02-26,10325.26,5354.5
2010-03-01,10403.79,5405.9
2010-03-02,10405.98,5484.1
2010-03-03,10396.76,5533.2
2010-03-04,10444.14,5527.2
2010-03-05,10566.2,5599.8
2010-03-08,10552.52,5606.7
2010-03-09,10564.38,5602.3
2010-03-10,10567.33,5640.6
